"token_mint_address","symbol","name","decimals","category","updated_at"
"12hiPPSjuvPbRSAQMbGSZXhqHfZGaUoc8EmLASsucePJ","SOL-DN","SOL Down","6","Crypto","2026-07-17 18:08:47"
"12LVyoFTDF6Ybgir7pFBqgDMjsspUaKs2TBBMEAgzmnG","XRP-UP","XRP Up","6","Crypto","2026-07-17 18:08:47"
"13HJZwGscskqDL6HAzbkj3UGdGvS4FCh2WsVNXVmK3YE","XRP-UP","XRP Up","6","Crypto","2026-07-17 18:08:47"
"149qfNKGVhYX4o32CuEVB6RR4MwQKhmPjw298TJ323hw","HYPE-UP","HYPE Up","6","Crypto","2026-07-17 18:08:47"
"14PyAruocWFiQmuoWpn1C2Aqrq23Y6yoDWVJkhow3ehT","BTC-DN","BTC Down","6","Crypto","2026-07-17 18:08:47"
"19EsnUqV4S29V229Ncqtt7eAk6KvwtbCS2uycUjVW4c","HYPE-DN","HYPE Down","6","Crypto","2026-07-17 18:08:47"
"1geYAyBm9hXo4yLj6TvDzyFw2F6mfK4vGLy7JkSzcPy","BTC-DN","BTC Down","6","Crypto","2026-07-17 18:08:47"
"1KXo2HdChboCcqjjm4cras8f93seP3U5dKXybqvdt3b","SOL-UP","SOL Up","6","Crypto","2026-07-17 18:08:47"
"1Xp1PoAqAdup2wSuFbqXH1UzSMALQL3jNXgGZ2Y4hGN","SOL-DN","SOL Down","6","Crypto","2026-07-17 18:08:47"
"33FQk66SgrruAm97uC9nf1UExTMvWUNCmQ9Jy1f1tKd2","HYPE-DN","HYPE Down","6","Crypto","2026-07-17 18:08:47"
"33JgMV7qMjxpTUN8JUHVPt3Rrqf3VTBnKNDDQV9hd45S","SOL-UP","SOL Up","6","Crypto","2026-07-17 18:08:47"
"33rnq1cQykbFTG7MTDUAjF4UdMhSLGzRaeGXcktaDLm8","SOU-TO26-N","Matthew Southgate doesn't win TO26","6","Sport","2026-07-17 18:08:47"
"36CB541GnYkiGRyoJ2cJCprGtQFuRbpr8tTpXicvqdcG","ETH-UP","ETH Up","6","Crypto","2026-07-17 18:08:47"
"39TPtjhxnmQbWqoHJytC9PHF3KKHNgqk7VyPyYWaDoMk","JAR-TO26-N","Casey Jarvis doesn't win TO26","6","Sport","2026-07-17 18:08:47"
"3bcsosZ37RXBwUzQZtEZwGZkmMwEKndwjHBtAy5qi95z","REE-TO26-N","Patrick Reed doesn't win TO26","6","Sport","2026-07-17 18:08:47"
"3bKdK1ijLj3hzaZmsftmDz2XpiTQeB9dz92egKZhh5Pe","KIT-TO26-N","Tom Kim doesn't win TO26","6","Sport","2026-07-17 18:08:47"
"3DNedMbeKqDuKVFxkXuecUVtw57PB8aBC2ZTQXyaVBx7","XRP-DN","XRP Down","6","Crypto","2026-07-17 18:08:47"
"3g94sqfD18JKdtDG12gzk1PeTWKQ6JKTCCAWo39pJxaB","SOL-DN","SOL Down","6","Crypto","2026-07-17 18:08:47"
"3gWFVt4phrRWreTSHvoeMCGwRvpZZMSN9iPcDKpoL5Az","HYPE-DN","HYPE Down","6","Crypto","2026-07-17 18:08:47"
"3hLG5aVA7a8CtfS34Au7BpnDRJqa9dfyAAEBuNvGwFfc","XRP-DN","XRP Down","6","Crypto","2026-07-17 18:08:47"
"3JJe8pbUyNvjbo6CdAbkBVnxnsqjko1Rmu8FFsDcm7ww","MCI-TO26-N","Rory McIlroy doesn't win TO26","6","Sport","2026-07-17 18:08:47"
"3nNnhHsWX9481GPyykX9bK2fC7KUcqjXuo7i8hvqyUVG","HYPE-UP","HYPE Up","6","Crypto","2026-07-17 18:08:47"
"3o55CjfZrn21Tb8R4JupstC4AYVX7N3KRLVBkndwPToz","TRU-TO26-Y","Austen Truslow wins TO26","6","Sport","2026-07-17 18:08:47"
"3ogrQnwGT4Lf1RLJSfbTJrMLXE35MLmrXg9rY99mG6DS","SOL-UP","SOL Up","6","Crypto","2026-07-17 18:08:47"
"3p1amKVMB6ZCPJXe2J2txa4wHctTpxZBNYBq7EXXhfTL","BTC-DN","BTC Down","6","Crypto","2026-07-17 18:08:47"
"3q65vaErSNSXH7e1Lwmi1fqdK71gqifBmFoS1jUHkJti","XRP-DN","XRP Down","6","Crypto","2026-07-17 18:08:47"
"3rdsfHYCtneHTKVGRQ3uSA7tvGQ3jutWKrSDfKpD4QTp","HYPE-UP","HYPE Up","6","Crypto","2026-07-17 18:08:47"
"3uANk75JC2Bnot6BPQTQArSTrezRCgNELK2c7L3wsEyb","SOL-DN","SOL Down","6","Crypto","2026-07-17 18:08:47"
"3V3LBAwu92Pv9cFmFmmKkzy8p56L6JFeQkUCLx1ubq8Y","SAD-TO26-Y","Adrien Saddier wins TO26","6","Sport","2026-07-17 18:08:47"
"3w1FcLLdAJ65VvciEAX7TN98Cc9YSnKvWKQYYwAD6qHz","ETH-DN","ETH Down","6","Crypto","2026-07-17 18:08:47"
"3XEiQbhBKtGwxE1TEuFq75kA9sG1yRmZrJ8Q4V4LmKt5","ABE-TO26-N","Ludvig Aberg doesn't win TO26","6","Sport","2026-07-17 18:08:47"
"3xW3UUkHjUigfHjkwAZG1SztYgFn7GkV8MpfaYUTiUWe","XRP-DN","XRP Down","6","Crypto","2026-07-17 18:08:47"
"3YeoiCJ4MdVByssc77q1FSsFwbZMckxwD2rXWJPEvTCm","SOL-DN","SOL Down","6","Crypto","2026-07-17 18:08:47"
"3YGQvA95cEFF6ugCnA6Sbv9eHaEbh5NV39F2MnMppjh4","ETH-DN","ETH Down","6","Crypto","2026-07-17 18:08:47"
"43srGQeLbUv6vhkhFEYGLm2KrN9QJ7TXwkxTHbr7uqJS","ETH-DN","ETH Down","6","Crypto","2026-07-26 06:14:23"
"453hkMqUgf4Q3puJWt7XjXeevodRU6yNciwv63M62Q7C","HYPE-DN","HYPE Down","6","Crypto","2026-07-26 06:14:23"
"466KMVXL7utwcHtKts99cbMaAEYPVgdaBKJygNNexorS","XRP-DN","XRP Down","6","Crypto","2026-07-26 06:14:23"
"4ACySX94AnRAH2qW5KfM3i1d66wCttLshfS77aRNMJZh","XRP-UP","XRP Up","6","Crypto","2026-07-26 06:14:23"
"4hBE49zhvrT2DdHC4TxgCEc5x3FuDoDNseecfKqVbfwK","SOL-UP","SOL Up","6","Crypto","2026-07-26 06:14:23"
"4i2VTtpujiAsf2v5Y2iHXLK4gH2DPdNGZ36x5Sj6KfdS","BTC-UP","BTC Up","6","Crypto","2026-07-26 06:14:23"
"4KcvKm999v15QpyDuJPV1omW9H4PnrChBkKcu7FrPXFA","BTC-UP","BTC Up","6","Crypto","2026-07-26 06:14:23"
"4LBDhMeeCr5Lxbjnzw2vL4rcPx8moG8urA72aF2DmUpg","SOL-UP","SOL Up","6","Crypto","2026-07-26 06:14:23"
"4meakp27ANdo1Bc59L78CL9nPVGHN2pQDW2VqMq1nbXP","SOL-UP","SOL Up","6","Crypto","2026-07-26 06:14:23"
"4oKAhKPLPeLSrhdQRfpsDhQsQRxhKLovJKWwuLr7xgJd","BTC-UP","BTC Up","6","Crypto","2026-07-26 06:14:23"
"4r4Mf4rf6EANHkQFTJ4nWbSU614bWusruspLzXQ5DE7A","SOL-UP","SOL Up","6","Crypto","2026-07-26 06:14:23"
"4reZtBarfV6g6RUbyeWAjNhhCYUhLDe8Mo9gxSfsXRNJ","HYPE-DN","HYPE Down","6","Crypto","2026-07-26 06:14:23"
"4RS5P1hnisefVh74Ajy2P7gC8NrP5wqZ5q1zNuC5LpzQ","BTC-UP","BTC Up","6","Crypto","2026-07-26 06:14:23"
"4Soywyyy3Eg9NgCcGpHMEqNU5T1Rxi23VWqsDGoZ4fcJ","HYPE-DN","HYPE Down","6","Crypto","2026-07-26 06:14:23"
"4Usy9Q51vSRPxSjFYr7Txo4DFgiPcfVLPpTBQCyyRiPN","SOL-DN","SOL Down","6","Crypto","2026-07-26 06:14:23"
"4vSofqsMhVN1mhWUJhe6Zsvk91PBowFzwdwizh9qQEvu","BTC-DN","BTC Down","6","Crypto","2026-07-26 06:14:23"
"4WofUUAnTXJ469dqJfUR25vtcyxb6UybdaXMAWySBC1a","HYPE-DN","HYPE Down","6","Crypto","2026-07-26 06:14:23"
"4xbS5tWHptfZgg4ipsExp9fQaQoUKCpJt3gfrBKTPLHM","ETH-UP","ETH Up","6","Crypto","2026-07-26 06:14:23"
"4ZJCETNtVnCjB4Cbwe11ECDp7VQVh9JDQXsDr32AWFr8","ETH-UP","ETH Up","6","Crypto","2026-07-26 06:14:23"
"6cq73HYqtGwJ5QKcXWBK4XUs6mq5ihtngMUopMoZw2kq","ETH-DN","ETH Down","6","Crypto","2026-07-17 18:08:47"
"6fShuoykhpRJLR8nxZbazgVUihzJ7nzw7hXevMBsCyuu","SKO-TO26-Y","Bard Bjornevik Skogen wins TO26","6","Sport","2026-07-17 18:08:47"
"6Nbdao9zcHN68t5B1a6AYvTbYkMmeFxfT6hrywpvJu28","HYPE-DN","HYPE Down","6","Crypto","2026-07-17 18:08:47"
"6nKXpFkHFaguF6gwAka1zfRsB5pWjXezTbPPAvbq1Aqy","ETH-UP","ETH Up","6","Crypto","2026-07-17 18:08:47"
"6tpXDPc4jpBYYttcsRojJ5w3YELVYe8PaPvrFjoV9tVB","HYPE-UP","HYPE Up","6","Crypto","2026-07-17 18:08:47"
"6vyettVnKfXviAaW3ZqGvzPFDyoV3E3TAhEDGGHrYDEh","HYPE-DN","HYPE Down","6","Crypto","2026-07-17 18:08:47"
"6wmaRicPFdxHvKj7ZbLX4tscGMcg4A2tg4RtgN2pHZFz","PUL-TO26-N","Mateo Pulcini doesn't win TO26","6","Sport","2026-07-17 18:08:47"
"6xG7FgyqyDVsrnVDrRGMLisaL1DtRW5S8jhY3PHyvvFM","BTC-UP","BTC Up","6","Crypto","2026-07-17 18:08:47"
"72gSSS9GckfDAQ6hnPrzgMZBXByRSqL5QV8VtcSWC7JT","SOL-DN","SOL Down","6","Crypto","2026-07-16 06:00:42"
"74YikbQyfA2vp7Mr6FyvUQHJ9cE4aY2NCpF13i2eFT85","SOL-UP","SOL Up","6","Crypto","2026-07-16 06:00:42"
"762GcMfZU1fSZz8Uz1ovBretJVjF8pjybiUwTZSSxaEM","ETH-DN","ETH Down","6","Crypto","2026-07-16 06:00:42"
"7BBKjXJpMjQY7z4LrXqjut8aQJ3WWfTzHHsVhfKmWcgy","ETH-DN","ETH Down","6","Crypto","2026-07-16 06:00:42"
"7bVm826aAS4qd9jUJRQbSL19CLSVQCN2HMBLdzU2MQb2","BTC-UP","BTC Up","6","Crypto","2026-07-16 06:00:42"
"7cFHDHNvqnEho7oTy57egziM9JEZ51DZeVGAej5HAXso","HYPE-UP","HYPE Up","6","Crypto","2026-07-16 06:00:42"
"7D2G9aMcrgstpGLQumK2ZGMAdiG8fX2LZrSvdRK2HUbw","HYPE-UP","HYPE Up","6","Crypto","2026-07-16 06:00:42"
"7fabsrgBuFQafVjQBtggz1sMm8Tw1dQjQCf2osVCWdsq","ETH-DN","ETH Down","6","Crypto","2026-07-16 06:00:42"
"7fBXpz1PuTi7D2gEgmcQSDSJvcBPxaZtqFUpZGQ14UT","BTC-DN","BTC Down","6","Crypto","2026-07-16 06:00:42"
"7fwnzdqMV7mRjXdfQPEvNbna3NzfHM2ZoBzDcqwgqvV","SOL-UP","SOL Up","6","Crypto","2026-07-16 06:00:42"
"7H1AN7JDDgx2Cqe8tZkdZHyJ9ZroccqstpXrr1E9zyr2","SOL-DN","SOL Down","6","Crypto","2026-07-16 06:00:42"
"7HoyziTKLkUNJdowAYGPPdDt5QNabEqUfyyRT15odQfD","XRP-UP","XRP Up","6","Crypto","2026-07-16 06:00:42"
"7i7QD9uH1yAzE3FzRxbzpguQZTL9jJDHqLn1MjftPkxA","BTC-DN","BTC Down","6","Crypto","2026-07-16 06:00:42"
"7jdkV5eB3FDZGHoY9SBpyHQkzssEFxyPmJjypJKcEphG","HYPE-DN","HYPE Down","6","Crypto","2026-07-16 06:00:42"
"7JvEj6WZr7kwmrh6WUc51YTD4oPnyffG5QJSShAatWNZ","SOL-DN","SOL Down","6","Crypto","2026-07-16 06:00:42"
"7kiPibhkr6aoKMZj1zzCDW4yQuE81UAMmYZ4B5e4tmKL","HYPE-DN","HYPE Down","6","Crypto","2026-07-16 06:00:42"
"7NjzTsoio18Tcrxjc2QpY8DGEZkmPb3HjTiux2QJhYoD","SOL-UP","SOL Up","6","Crypto","2026-07-16 06:00:42"
"7p4hEZEygHwbsMZFheMZLJz1UvGuzv17gz99oXDAkrdY","HYPE-DN","HYPE Down","6","Crypto","2026-07-16 06:00:42"
"7q2XxRH9rogosdFZm66vMKF14DDXvJXzStG2zrm466SD","XRP-UP","XRP Up","6","Crypto","2026-07-16 06:00:42"
"7Qvoes63V4m7Nes3PZyRdxpABEobiy2XyemckXifPHLU","ETH-UP","ETH Up","6","Crypto","2026-07-16 06:00:42"
"7W9kj8VmTeiYwLutWKPdWgjGMKCchNxWto1Xn3BcGMxm","BTC-DN","BTC Down","6","Crypto","2026-07-16 06:00:42"
"7WAScc3CBtDaErvfph3f42ksqxUQjZ39pPPiPURfidd4","BTC-UP","BTC Up","6","Crypto","2026-07-16 06:00:42"
"7wFe6Kf74yiNZ12JVaP68Jmg1AUxCyTXjFwQ3erdo4nJ","SOL-UP","SOL Up","6","Crypto","2026-07-16 06:00:42"
"7WYU2M7ptDdm5WpYLD3gDmFXTkRpNC4Qwnizh2kwDeVE","SOL-DN","SOL Down","6","Crypto","2026-07-16 06:00:42"
"7ZRxiNVqAKJewzfnTLbNwdCq4SK3uYHWFJkNQ9pvb75x","XRP-DN","XRP Down","6","Crypto","2026-07-16 06:00:42"
"ib6rm34UUr8kXriJGVQXvWQZN8HSkooMabMmTosMUxJ","SOL-UP","SOL Up","6","Crypto","2026-07-17 18:08:47"
"k3p1wDDo9mnfKka2J1eQ7SRA1XLNJ7BqdxWaSRpjD59","XRP-UP","XRP Up","6","Crypto","2026-07-17 18:08:47"
"KWC8SvkaQXyLMJxmADJ8aSf9W8VXgA1tUMapKahzLTT","BTC-UP","BTC Up","6","Crypto","2026-07-17 18:08:47"
"KZgHDYQieMMBKX7NtEuCBCnLWnDyQFf9NkjgiRhnNTW","HYPE-DN","HYPE Down","6","Crypto","2026-07-17 18:08:47"
"Pi2qKMJ5LYECsS4hcTcYwQDhpgtQThi9UuXhXMz9Acf","SOL-DN","SOL Down","6","Crypto","2026-07-17 18:08:47"
"PWyTBzhxmheZG5gb5KfA4VUWH58h2tvDT532jggpkQa","ETH-UP","ETH Up","6","Crypto","2026-07-17 18:08:47"
"pZ7FMhVnEjJDRfhPzT7RcbUB5LhSKgGhaLQfqYKRHCt","ETH-UP","ETH Up","6","Crypto","2026-07-17 18:08:47"
"qqcU6PqJsp2chyDQ3rLSjbTQA9efwADHeCeiud5UKdZ","HYPE-UP","HYPE Up","6","Crypto","2026-07-17 18:08:47"
"u5XHGJPj9BVXDAwumk4j5wFEAz3od2XgP88oQ8sfY7A","XRP-UP","XRP Up","6","Crypto","2026-07-26 06:14:23"
"uebGNRMbTFzsCwS6ZB8KgUQrEJRKprhm7GNh9WeM3tv","XRP-UP","XRP Up","6","Crypto","2026-07-26 06:14:23"
"Uk3Sv8QLkwNFikT8jY4zFw7DdsSXQdBd8j323iMVVcy","HYPE-DN","HYPE Down","6","Crypto","2026-07-26 06:14:23"
"uMyK74DYy4J7DTKQAj9rsFDB9L5SLcRhLtaabLBrzDT","BTC-DN","BTC Down","6","Crypto","2026-07-26 06:14:23"
"unFrwAVpqUovmspMfLSkCrzSWAhdhTrrQmZJKUzNLCq","SOL-DN","SOL Down","6","Crypto","2026-07-26 06:14:23"
"UrBuQgMQSoxCTdss7cahQ3PpbDmxMFGo4r1rsETUcbg","ETH-DN","ETH Down","6","Crypto","2026-07-26 06:14:23"
